node,E,B,P,K,H,A,E_n,B_n,A_n,P_n,K_n,H_n,Base,Reach,Influence_I
1715,0.20097550636203776,0.04000374985240808,38,0.7185929648241206,0.1561648134036282,0.6856433873743847,0.2842189591916469,0.5647655520624869,0.6587332230957827,0.9473684210526316,0.8703703703703705,0.45819868614240133,0.39580763659564344,0.9165692007797271,0.5520361058508685
1740,0.22757878444375002,0.03898470936338378,38,0.6532663316582915,0.18743067700161523,0.16912907285585854,0.3218418507642819,0.55037892664659,0.0980032487256959,0.9473684210526316,0.7901234567901235,0.5499349570056581,0.3906156987391138,0.8844704353476284,0.5387721197216682
147,0.021804655663425043,0.06674161853441023,34,0.8241206030150754,0.19828960174497934,0.9539481931122167,0.030831934175186454,0.9422458438570877,0.9500059770464374,0.8421052631578947,1.0,0.5817958156836543,0.37776300329874274,0.9052631578947368,0.5360130496775409
1713,0.23434722320619356,0.02851871811798425,40,0.7336683417085427,0.18510583565540462,0.11819793207490085,0.33141391315799434,0.4026219952239871,0.04271220167820626,1.0,0.8888888888888888,0.5431137068974793,0.34892624189077703,0.9555555555555555,0.5309150359902105
1748,0.20856842683981153,0.0360919896417834,36,0.6482412060301508,0.16283139696724572,0.5084129758994662,0.29495702022974496,0.5095400438778703,0.46633119029526393,0.894736842105263,0.7839506172839507,0.4777589171786529,0.3770407306749039,0.850422352176738,0.5190552171254541
1738,0.2110060357827772,0.03402001863675329,36,0.592964824120603,0.17973086137337344,0.7406850447919178,0.2984043358829511,0.4802883399043525,0.7184866631950957,0.894736842105263,0.7160493827160495,0.5273431494947022,0.3854205941355663,0.8232618583495777,0.5167729733997697
1721,0.21879538652656003,0.02391497022079443,34,0.7286432160804021,0.26657606353578217,0.6673295394338488,0.30942019255875003,0.33762713268470923,0.6388516376340384,0.8421052631578947,0.8827160493827162,0.7821531586210116,0.3579904951534153,0.8583495776478233,0.5080982199017376
24,0.03139661294920998,0.06769000208666981,28,0.7185929648241206,0.1251102072530644,0.17373438313320563,0.04439707332172301,0.9556349476894781,0.10300279170291286,0.6842105263157894,0.8703703703703705,0.36708225967774755,0.3368329808689103,0.7586744639376218,0.4633854257895237
2438,0.0294300437527822,0.056969404894005475,30,0.7688442211055276,0.18401386095894107,0.08753431370077971,0.04161591156338514,0.804283536526953,0.009423656788520807,0.736842105263158,0.9320987654320988,0.539909775356722,0.2937212795033791,0.8149447693307343,0.4500883264515857
1733,0.180426882909658,0.021095019760915566,34,0.6432160804020101,0.1732278761306894,0.4892048259858402,0.25515868211822734,0.2978155929131075,0.445478747088914,0.8421052631578947,0.7777777777777778,0.5082629275851742,0.2901269708785731,0.8163742690058479,0.4480011603167555
2928,0.02487379599857945,0.05536297283278816,28,0.7638190954773869,0.18220170115060794,0.44402167788936925,0.03517237424035616,0.781604225381084,0.39642774354081145,0.6842105263157894,0.9259259259259259,0.5345927693989702,0.302135717805528,0.7808966861598441,0.44576400831182283
2920,0.011780478775683311,0.055127299950002304,28,0.7386934673366834,0.15102860937091656,0.750226106875987,0.016655541363968386,0.7782770391486988,0.7288444777754148,0.6842105263157894,0.8950617283950617,0.4431286976587273,0.3020750953346978,0.7685510071474984,0.44201786887853795
1016,0.7071067811865475,5.0758844728693974e-05,4,0.010050251256281407,0.0,0.17560294893461795,1.0000000000000002,0.0007166039951509512,0.10503131409713042,0.05263157894736842,0.0,0.0,0.6054665469034018,0.03157894736842105,0.4333002670429076
1743,0.19188344544906913,0.01336398711617789,32,0.6381909547738693,0.18794828812491854,0.6582728182359853,0.27136078356194665,0.1886703018909572,0.6290196254275832,0.7894736842105263,0.7716049382716049,0.5514536649108588,0.27844122522137726,0.7823261858349577,0.42960671340545137
137,0.021369927583634252,0.036537498286035364,34,0.7839195979899497,0.2317386901597428,0.5191116650462515,0.030217132970638955,0.5158296526357459,0.47794572937471336,0.8421052631578947,0.9506172839506173,0.6799378236703879,0.23077335322536222,0.8855100714749837,0.42719436870024863
9,0.01691140215294491,0.035861122893302205,34,0.7487437185929648,0.2904445399801437,0.5676231049365756,0.02391179652535437,0.5062807097619461,0.5306099396042283,0.8421052631578947,0.9074074074074074,0.8521849686598102,0.23537103625699837,0.8682261208576998,0.42522756163720876
126,0.02776838196855705,0.04679179936921006,30,0.7889447236180904,0.15047979346000612,0.20478781649390848,0.039265956007296376,0.6605979814454387,0.13671452127749673,0.736842105263158,0.9567901234567902,0.44151843268397106,0.2506506157360828,0.8248213125406109,0.4229018247774412
1725,0.2221486769229362,0.004248669628423725,34,0.628140703517588,0.25151297977384934,0.12198206615520693,0.3141624833624215,0.05998193312078729,0.046820272541336014,0.8421052631578947,0.7592592592592593,0.7379569979203822,0.24573093347677497,0.8089668615984404,0.4147017119132746
1777,0.20242502076074548,0.004752049809753331,30,0.6482412060301508,0.22954802309485492,0.6087791637918887,0.28626889164313085,0.06708856155074225,0.5752891192095899,0.736842105263158,0.7839506172839507,0.673510250460841,0.2543278719346227,0.755685510071475,0.4047351633756784
2922,0.019847799073811054,0.03053063329901217,38,0.6633165829145728,0.27885040969709163,0.24251762644291897,0.028064508180987137,0.43102584216604406,0.17767415157432187,0.9473684210526316,0.8024691358024691,0.8181669645596954,0.19593851336510637,0.8894087069525667,0.40397957144134444
1746,0.17338087772367838,0.010843969921571923,28,0.7085427135678392,0.21218259238854206,0.5360456771598019,0.24519407969900273,0.1530931645633443,0.4963293596275653,0.6842105263157894,0.8580246913580247,0.6225588398292793,0.24898880716124716,0.7537361923326835,0.4004130227126781
1723,0.17681787192997347,0.00330026226728967,28,0.6432160804020101,0.2525896918645414,0.9425775598297061,0.2500547461162028,0.046592493159104346,0.9376619727664842,0.6842105263157894,0.7777777777777778,0.7411161478886508,0.24794950165020974,0.7216374269005847,0.39005587922532226
2929,0.00949252124148944,0.04278088263990691,30,0.592964824120603,0.13262175446385974,0.5847009546716617,0.013419865746573606,0.6039725998434887,0.5491497205455899,0.736842105263158,0.7160493827160495,0.3891216742415604,0.2361572691403483,0.7285250162443146,0.3838675932715382
1865,0.0058071604354025625,0.05834850133675032,22,0.542713567839196,0.16300186741363212,0.214553155745383,0.008207954282596566,0.8237533653981911,0.14731581203416966,0.5263157894736843,0.654320987654321,0.47825908961095664,0.2833295272712716,0.577517868745939,0.37158602971367183
1842,0.15502528288419617,0.011621210661229796,24,0.6834170854271356,0.18666102893399075,0.6047240795891117,0.2192352278508996,0.16406610577605188,0.5708869038262442,0.5789473684210527,0.8271604938271605,0.5476767547532333,0.2366891513723292,0.6782326185834958,0.3691521915356792
127,0.03353039056174098,0.022201239696424287,32,0.6984924623115578,0.2650812859208589,0.37361668444966395,0.04741470458918533,0.313433001653166,0.3199958053402757,0.7894736842105263,0.8456790123456791,0.7777673746258508,0.1773668822477673,0.8119558154645874,0.36774356221281335
2422,0.012762814930641632,0.047943298626414756,26,0.5678391959798995,0.12407733380273425,0.23189904961935057,0.01804478093558652,0.6768546352864937,0.1661465827485159,0.631578947368421,0.6851851851851852,0.3640517354029262,0.2403931750548721,0.6530214424951266,0.36418165528694846
881,0.020652203692098536,0.037813328142208655,22,0.5778894472361809,0.24592074592074595,1.0,0.029202113390442923,0.5338415829102309,1.0,0.5263157894736843,0.6975308641975309,0.7215489854606849,0.26375119218036924,0.594801819363223,0.3630663803352253
25,0.025668922662700062,0.01872793760534368,32,0.7286432160804021,0.3021873143196673,0.4122584344078961,0.03629685838019925,0.2643975642207712,0.36194544130320633,0.7894736842105263,0.8827160493827162,0.8866391050095251,0.1635266116099875,0.8267706302794022,0.3624998172108119
1773,0.1719288990672126,0.0016289455592311643,24,0.6030150753768844,0.2822161884028387,0.9968534306249557,0.24314066224457462,0.022997152552776148,0.9965840718922437,0.5789473684210527,0.728395061728395,0.828042399026699,0.24401486665852473,0.6387264457439896,0.36242834038416416
1791,0.14779077500645013,0.01822350795571179,22,0.6432160804020101,0.18846466187427288,0.39089774840192176,0.2090040411291054,0.25727611959115254,0.33875619643625143,0.5263157894736843,0.7777777777777778,0.5529687422727549,0.24717150749025932,0.6269005847953217,0.36109023068177803
1711,0.14094204791937384,0.013130339586047752,24,0.5879396984924623,0.19616768389085212,0.7222297540988063,0.19931843336993352,0.1853717092133,0.6984515269240181,0.5789473684210527,0.7098765432098766,0.5755699575554839,0.23890364700992522,0.6313190383365823,0.35662826440792234
1770,0.16958409257915258,0.0024878383334076006,24,0.6532663316582915,0.18913254725611706,0.7884010899205838,0.23982458969185652,0.03512284210837755,0.7702873897383271,0.5789473684210527,0.7901234567901235,0.5549283655565466,0.22069239421237088,0.6634178037686811,0.35351001707926394
1751,0.1578644453407641,0.002499968856432197,24,0.6231155778894473,0.20272259557591255,1.0,0.2232504285691141,0.03529409859203393,1.0,0.5789473684210527,0.7530864197530864,0.5948025353456635,0.2242786134863618,0.6486029889538663,0.35157592612661315
2571,0.01426756106856065,0.0296236205414817,30,0.6482412060301508,0.20925407048842234,0.21266203868147948,0.020172823224863103,0.4182208035728038,0.14526280790056317,0.736842105263158,0.7839506172839507,0.6139663479757788,0.17553139280057609,0.755685510071475,0.3495776279818458
1877,0.00903908449971822,0.03324420844043699,28,0.6432160804020101,0.18508994506893667,0.3336832413555312,0.012778606375517575,0.469335594838332,0.2766439022210849,0.6842105263157894,0.7777777777777778,0.5430670827848961,0.1894533915271092,0.7216374269005847,0.34910860213915185
2449,0.011377579635822739,0.03641929966806951,26,0.6130653266331658,0.2075235186808077,0.33641214237263395,0.01608575328720869,0.5141609463775877,0.27960640791428126,0.631578947368421,0.7407407407407407,0.608888785705071,0.20832449556656915,0.6752436647173489,0.34840024631180305
2447,0.010724357612060054,0.04109410839382183,24,0.592964824120603,0.1056634443875324,0.4036194985646043,0.015161953547289612,0.5801590325701776,0.3525669785233135,0.5789473684210527,0.7160493827160495,0.31002407223779394,0.21627443443748245,0.6337881741390514,0.3415285563479531
1796,0.15072700892245902,0.011291825099318212,24,0.6381909547738693,0.17006810956086318,0.16007811045085413,0.2131565222599866,0.15941590124770788,0.0881774882874521,0.5789473684210527,0.7716049382716049,0.4989919473992022,0.205077155514637,0.6560103963612736,0.3403571277686279
1712,0.15508012309769503,0.002981421626586455,24,0.6331658291457286,0.18596017614896332,0.6061524971566011,0.21931278398514556,0.042091159880822474,0.5724375995639892,0.5789473684210527,0.7654320987654321,0.5456204027602347,0.20011791847154525,0.6535412605588045,0.336144921097723
1999,0.0005444918070088599,0.07083248917416617,14,0.3165829145728643,0.12698412698412698,0.3213496759690564,0.0007653823341090677,1.0,0.2632545350561179,0.3157894736842105,0.3765432098765432,0.37258047364794555,0.3322509798356686,0.3400909681611436,0.33460297633331104
1810,0.12601632815814398,0.023654031717747877,20,0.6080402010050251,0.1239710833828481,0.16840818335952112,0.1782101799247948,0.33394325109182965,0.09722064824891775,0.47368421052631576,0.7345679012345678,0.36373998910276517,0.23015711515000994,0.5780376868096166,0.33452128664789194
1855,0.006039792995411594,0.032284940956518106,26,0.6180904522613065,0.23503952188162713,0.2617369776875508,0.008536947933476787,0.4557928336689456,0.19853875498973322,0.631578947368421,0.7469135802469136,0.6896226990605661,0.18626809156328472,0.6777128005198181,0.3337015042502447
14,0.011157732005905883,0.028405360012071383,24,0.5628140703517588,0.20001749304187386,0.8809109385689934,0.01577484034191461,0.40102162642099143,0.8707164458235536,0.5789473684210527,0.6790123456790124,0.5868655718264012,0.20265049301394394,0.6189733593242366,0.32754735290703174
1814,0.1650290214182716,0.0014656387993582964,22,0.6030150753768844,0.22427151058573983,0.437229031315029,0.2333827163307962,0.02069161787826652,0.38905361966375046,0.5263157894736843,0.728395061728395,0.6580285869132296,0.19859122549080668,0.6071474983755686,0.3211581073562353
1827,0.12459810213909922,0.007325624882145974,20,0.628140703517588,0.14610057761296152,0.9284505894302444,0.17620449612988343,0.10342181910526103,0.9223256780552694,0.47368421052631576,0.7592592592592593,0.42866950145729565,0.20429900238513662,0.5879142300194933,0.31938357067544365
1788,0.1572879048504119,0.002211122364737059,22,0.6030150753768844,0.21751931023165375,0.4226649657066658,0.22243507339787807,0.031216217169782783,0.37324281267205217,0.5263157894736843,0.728395061728395,0.6382171501152613,0.19339890732902731,0.6071474983755686,0.3175234846429897
1742,0.16558124615730982,0.0009653780345154235,24,0.4371859296482412,0.26188552738895987,0.6339793679647063,0.2341636836768784,0.013629028794141455,0.602646560122175,0.5789473684210527,0.5246913580246914,0.7683907914594504,0.21313878642345074,0.5572449642625081,0.316370639775168
1821,0.11628193165144933,0.01325932376117348,18,0.6231155778894473,0.10695763931058049,0.8819669948106483,0.16444360036375305,0.18719268397544025,0.8718629046392565,0.42105263157894735,0.7530864197530864,0.3138213323274923,0.21410817725922135,0.553866146848603,0.31603556813603584
142,0.0178294790734138,0.01748892564551163,28,0.7085427135678392,0.19323728458167816,0.26809963327313246,0.025210159393571123,0.24690542220687825,0.205446078955681,0.6842105263157894,0.8580246913580247,0.5669719572500904,0.12781862410849473,0.7537361923326835,0.3155938945757514
2423,0.010151553746401474,0.03076563583651419,26,0.48743718592964824,0.17255134935509145,0.5100285921808221,0.014351882785939593,0.4343435645875191,0.4680851096941504,0.631578947368421,0.5864197530864198,0.5062779498365828,0.18763235202435613,0.6135152696556205,0.31539722731373543
185,0.013212476665513812,0.027105960326597563,20,0.6834170854271356,0.19177232782024814,0.6099472307690315,0.01868070161586872,0.3826769416495895,0.5765571773209441,0.47368421052631576,0.8271604938271605,0.5626736697632175,0.18297304581860618,0.6150747238466536,0.3126035492270204
1163,0.5,0.0,2,0.010050251256281407,0.0,0.40912907751334204,0.70710541954244,0.0,0.35854819913206953,0.0,0.0,0.0,0.44219066168206744,0.0,0.3095334631774472
991,0.5,0.0,2,0.010050251256281407,0.0,0.30012013196873905,0.70710541954244,0.0,0.2402076584670672,0.0,0.0,0.0,0.43627363464881735,0.0,0.30539154425417214
1714,0.15500581682766687,0.0018460761651460426,24,0.507537688442211,0.17682190423407276,0.298524277585408,0.21920769856176842,0.026062562344898343,0.23847519266251782,0.5789473684210527,0.611111111111111,0.5188080620430422,0.17720755057580856,0.591812865497076,0.3015891450521888
1803,0.12919867298584264,0.0010812531777122177,18,0.6231155778894473,0.23353595939913074,0.8815775742573624,0.18271071606291633,0.01526493266463618,0.8714401481526977,0.42105263157894735,0.7530864197530864,0.6852111396381998,0.19203847382668554,0.553866146848603,0.30058677573326076
1801,0.13952558403086063,0.0009952198528919117,20,0.5477386934673367,0.22867123584750454,0.7679792304866956,0.19731524161550384,0.014050330074449587,0.7481173386960285,0.47368421052631576,0.6604938271604939,0.670937694223579,0.19355699563761752,0.548408057179987,0.30001231410032836
2918,0.010616545784093571,0.01731806491318483,24,0.628140703517588,0.1719873597683532,0.6858309827244755,0.015009483889175603,0.24449324194441877,0.6589368773467718,0.5789473684210527,0.7592592592592593,0.5046231642161272,0.14053166499497594,0.6510721247563354,0.29369380292338376
45,0.022317762770832115,0.016592317468700407,24,0.6432160804020101,0.23747195715074973,0.25045658759089473,0.03155758057890522,0.2342472735625944,0.18629271906780787,0.5789473684210527,0.7777777777777778,0.6967596374024814,0.1333613482396359,0.6584795321637427,0.29089680341686797
131,0.014429972878167038,0.023954341159301507,22,0.5829145728643216,0.14130092793968393,0.5269421771456735,0.02040250927649059,0.3381829643230732,0.48644656415391296,0.5263157894736843,0.7037037037037037,0.41458698743696065,0.15874807244236,0.5972709551656921,0.2903049372593596
2945,0.008151326394531129,0.02371597220858742,18,0.6482412060301508,0.18047157950408724,0.7072531624914172,0.011523120986401495,0.3348177155016182,0.6821928800828543,0.42105263157894735,0.7839506172839507,0.5295164692515524,0.16794465470904668,0.5662118258609486,0.28742480605461723
40,0.0106670288476842,0.0222441436236623,20,0.5829145728643216,0.24984593837535013,0.5964677504027136,0.01508087805428153,0.31403871137392025,0.5619238003401472,0.47368421052631576,0.7037037037037037,0.7330657797138641,0.16800961924744556,0.5656920077972709,0.2873143358123932
1717,0.14490282198673166,0.0023126537084885417,22,0.5326633165829145,0.18063943470486013,0.16102665849767892,0.20491983981398917,0.03264961792888688,0.0892072357833771,0.5263157894736843,0.6419753086419753,0.5300089683669422,0.16370759947457555,0.5725795971410007,0.28636919877450306
1766,0.1350864500327636,0.0022240513727479834,20,0.5628140703517588,0.12966114885000332,0.5780483557040605,0.19103732892467604,0.03139874651700273,0.5419276329020466,0.47368421052631576,0.6790123456790124,0.38043504648663423,0.17016015527934047,0.5558154645873945,0.28585674807175665
128,0.01801347819217489,0.005227167614632521,28,0.6532663316582915,0.28957654402700844,0.3801863531175325,0.02547037465250824,0.07379618696979182,0.3271278635237702,0.6842105263157894,0.7901234567901235,0.849638206705979,0.09625938439392995,0.7265756985055231,0.28535427862740786
5,0.014977052220209093,0.00365687512028888,28,0.6180904522613065,0.3408233548602854,0.5325315530866992,0.0211761998985281,0.05162708755437336,0.49251441269181384,0.6842105263157894,0.7469135802469136,1.0,0.10281956684001957,0.709291747888239,0.2847612211544854
2429,0.022735394521378204,0.017183546581406202,24,0.5025125628140703,0.16180754266087083,0.7835790673029872,0.032148203810366545,0.24259413698076474,0.7650525829909143,0.5789473684210527,0.6049382716049382,0.47475485571462966,0.15405753531572655,0.5893437296946069,0.2846433936293907
2944,0.005957778179052336,0.036573795112647266,16,0.592964824120603,0.10900999155643118,0.28650743335695944,0.008420960928651428,0.5163420845301362,0.22542965923425579,0.3684210526315789,0.7160493827160495,0.31984308000582273,0.18721883887823562,0.5074723846653671,0.28329490261437507
1779,0.14791769689420362,0.0005967422935021281,20,0.4472361809045226,0.26374112983380715,0.484726038296214,0.20918353661858893,0.008424697486415179,0.44061655753129425,0.47368421052631576,0.537037037037037,0.773835261207153,0.1887601221540003,0.49902534113060426,0.28183968784698143
198,0.014153049785657183,0.015107983158385142,20,0.6733668341708543,0.1854962914659711,0.7426501787961861,0.020010879062670472,0.21329171591353993,0.7206200204107119,0.47368421052631576,0.8148148148148149,0.5442593320578399,0.13923800983509185,0.6101364522417154,0.2805075425570789
1866,0.014171290499186534,0.020754553865395466,24,0.592964824120603,0.15725752289219783,0.18099086091629413,0.020036675447056427,0.2930089582813223,0.11088045256720315,0.5789473684210527,0.7160493827160495,0.461404773615537,0.12853895406176755,0.6337881741390514,0.28011372008495267
1195,0.0021359101269144555,0.032323360685023526,18,0.4723618090452261,0.20493395493395494,0.4423227078338388,0.0030159981684664077,0.4563352363001866,0.394583334956354,0.42105263157894735,0.5679012345679012,0.6012908212172374,0.1885038775998154,0.47979207277452884,0.2758903361522294
129,0.01694256448885964,0.003589291591609289,28,0.5879396984924623,0.2844637895030421,0.5255164885188653,0.023955866928320083,0.05067295577858029,0.4848988309649208,0.6842105263157894,0.7098765432098766,0.8346370207512717,0.09555219947637576,0.6944769330734243,0.2752296195554903
827,0.015616358130948717,0.028044296662701713,18,0.4824120603015075,0.1766844266844267,0.5436177910201668,0.02208031919118158,0.39592420073993323,0.5045496762606244,0.42105263157894735,0.5802469135802469,0.5184046931198578,0.183173170205713,0.48473034437946716,0.2736403224578392
1837,0.13376026039503755,0.0016924317494733747,20,0.5577889447236181,0.20144189659669537,0.13681739474234889,0.18916180483355968,0.023893438861253995,0.0629255636912903,0.47368421052631576,0.6728395061728395,0.5910448733164808,0.15336363640890052,0.5533463287849253,0.27335844412170796
2419,0.014380783217944839,0.014656608788883396,26,0.5979899497487438,0.1648585855746981,0.1537452239130766,0.020332944268473523,0.20691929592993769,0.08130248171705957,0.631578947368421,0.7222222222222223,0.48370683294951716,0.10252602107339426,0.6678362573099415,0.2721190919443584
2901,0.009627375139964586,0.00793945681547939,28,0.5728643216080402,0.20710841163315058,0.48495916577570214,0.013610578845346395,0.11208778497050259,0.44086964164130615,0.6842105263157894,0.6913580246913581,0.6076708320591793,0.09421970648338288,0.6870695256660169,0.27207465223817306
2936,0.00683298707000818,0.01498719331912039,24,0.4623115577889447,0.2327349236796168,0.7495453804076575,0.009658698966298498,0.2115864272716605,0.7281054784400426,0.5789473684210527,0.5555555555555556,0.6828608437793895,0.13981946367224884,0.5695906432748539,0.2687508175530303
125,0.014972623749553713,0.008492663521677357,22,0.6633165829145728,0.2796433587208988,0.23748206431242436,0.02116993706615127,0.1198978550760119,0.17220752549058355,0.5263157894736843,0.8024691358024691,0.8204935334772868,0.09830637171088785,0.6367771280051983,0.25984759859918094
1895,0.006211600814142248,0.01781093831168764,20,0.5125628140703518,0.14756779984721163,0.8265934933605402,0.008779922010414989,0.2514515375549388,0.8117492133510601,0.47368421052631576,0.6172839506172839,0.43297443600279234,0.14293959694042324,0.531124106562703,0.2593949498271072
150,0.02679607556864398,0.009196440870460853,18,0.6633165829145728,0.198331687805372,0.6896763568989436,0.03789090071723214,0.12983365370442118,0.663111430697346,0.42105263157894735,0.8024691358024691,0.5819192991826355,0.12393617303566473,0.5736192332683561,0.25884109110547215
2902,0.007893285673330117,0.008697778421296229,24,0.5477386934673367,0.21417476586594233,0.6409873286696561,0.011158194602320133,0.12279362934584627,0.6102544298675393,0.5789473684210527,0.6604938271604939,0.6284040187144438,0.10546592799424512,0.6115659519168292,0.25729593517102034
49,0.012025970522468257,0.0033965151232464245,22,0.6331658291457286,0.30922141583906293,0.6498531665199061,0.017002720735732196,0.04795137320241447,0.6198792183599436,0.5263157894736843,0.7654320987654321,0.9072776599063255,0.10094488831547711,0.6219623131903834,0.257250115777949
1192,0.0032211090941973693,0.029766806492481784,14,0.542713567839196,0.14628704628704628,0.4954017750692892,0.004550708400619599,0.42024227638379047,0.45220617942343544,0.3157894736842105,0.654320987654321,0.42921661382921983,0.17287424761814166,0.4512020792722547,0.25637259711437554
2949,0.008930194676464403,0.007540472869542738,20,0.5829145728643216,0.21576269744748006,0.959987752320535,0.012624612194760658,0.1064550033107248,0.9565625463125645,0.47368421052631576,0.7037037037037037,0.6330631230830065,0.11899255177985239,0.5656920077972709,0.25300238858507795
2418,0.011853336309467296,0.005362789361640813,22,0.592964824120603,0.21135351342218778,0.6690647875465728,0.016758577955375848,0.07571086974586679,0.6407354298202831,0.5263157894736843,0.7160493827160495,0.6201262630867197,0.09581149234233569,0.6022092267706304,0.24773081267082409
2454,0.009085692278505959,0.013038788243146172,22,0.49748743718592964,0.17001325323517838,0.5381037717592893,0.012844520034818754,0.18407920426297322,0.49856363523151925,0.5263157894736843,0.5987654320987654,0.49883099503222816,0.11280020481297058,0.5552956465237168,0.24554883732619442
1875,0.006775028387897007,0.016197173648383453,18,0.5979899497487438,0.19171378252905602,0.34746447484858,0.009576732630944492,0.22866870608707682,0.2916048635848542,0.42105263157894735,0.7222222222222223,0.5625018937086801,0.11705198926936644,0.5415204678362573,0.24439253283943368
1870,0.004763534312513938,0.010429746137792028,22,0.5025125628140703,0.1825089126559715,0.7225423451536155,0.0067320372041370004,0.14724522968756457,0.6987908770044023,0.5263157894736843,0.6049382716049382,0.5354941498383754,0.10992704257089046,0.5577647823261859,0.24427836449747908
2552,0.009381258498465779,0.01511244866993051,16,0.6130653266331658,0.15382942650744508,0.6479749902864151,0.013262515734894755,0.21335475918079524,0.6178402628428065,0.3684210526315789,0.7407407407407407,0.4513464946394438,0.12542327506928794,0.5173489278752437,0.24300097091107464
57,0.010675618514861545,0.011656564191438543,20,0.5175879396984925,0.22440635903484202,0.5369662923043432,0.015093025734573624,0.16456522038604135,0.4973287830547447,0.47368421052631576,0.6234567901234568,0.6584242418681474,0.11621303280270118,0.5335932423651721,0.24142709567144244
1933,0.005267259953480735,0.018569671984849486,14,0.6080402010050251,0.15042016806722688,0.6743027677668789,0.007444416149101594,0.26216319942095395,0.6464218017796374,0.3157894736842105,0.7345679012345678,0.4413434875344414,0.13750387398145109,0.4833008447043534,0.24124296519832178
2424,0.022102758611494085,0.012920841539010141,20,0.5879396984924623,0.1254779327999142,0.2369931325927034,0.03125351736723654,0.1824140544777381,0.1716767392897724,0.47368421052631576,0.7098765432098766,0.36816119262528735,0.10046822335941634,0.5681611435997401,0.24077609943151346
64,0.009618219059866177,0.0031605349616164262,18,0.628140703517588,0.25608076563958915,0.9336949263482832,0.013597630132495493,0.044619848864059515,0.9280189508707212,0.42105263157894735,0.7592592592592593,0.7513592070137476,0.10551344063293859,0.5563352826510721,0.24075999323837866
211,0.024129229084795596,0.0070461860040844735,18,0.5879396984924623,0.20194967475669232,0.6377736181178929,0.034119392717559614,0.09947675263478302,0.6067656130338707,0.42105263157894735,0.7098765432098766,0.5925347306069387,0.11027967860301113,0.5365821962313191,0.2381704338915035
1878,0.019913446242154558,0.017629856580297195,14,0.4623115577889447,0.18347338935574228,0.9031979706468327,0.02815734772839374,0.24889505911543072,0.8949113356349644,0.3157894736842105,0.5555555555555556,0.5383239931751567,0.1632246928121715,0.41169590643274856,0.23776605689834462
1896,0.01839503152953472,0.021715733305652657,14,0.5979899497487438,0.15631637270292734,0.13546341568157036,0.02600997506553155,0.3065787120971708,0.061455678689640955,0.3157894736842105,0.7222222222222223,0.4586433719221105,0.13358455119905774,0.4783625730994152,0.23701795776916496
2953,0.006397675641498451,0.02100877272901769,16,0.507537688442211,0.09010477214601256,0.6540256739036424,0.0090430727782458,0.2965979732458697,0.6244089088110638,0.3684210526315789,0.611111111111111,0.2643738196372999,0.13884437206312655,0.4654970760233918,0.2368401832512061
20,0.010268337777775503,0.009641222922026222,20,0.6331658291457286,0.14217897685389944,0.33641117285153566,0.014517041114785564,0.13611300456094297,0.279605355398358,0.47368421052631576,0.7654320987654321,0.4171632454946734,0.0843825560818058,0.5903833658219624,0.23618279900385275
2575,0.011098273824809447,0.0048295923039665374,22,0.5879396984924623,0.20138866551405252,0.4339963579374413,0.015690753384900273,0.06818329216260231,0.38554421671167294,0.5263157894736843,0.7098765432098766,0.5908886895283578,0.0786910849917224,0.5997400909681612,0.235005786784654
4,0.011229284008950163,0.008461411800839855,20,0.6130653266331658,0.19564935623372154,0.1945235040526117,0.01587603062546054,0.11945664905315621,0.12557154326051773,0.47368421052631576,0.7407407407407407,0.5740491472889954,0.08034364761869885,0.5805068226120857,0.23039260011671492
16,0.010991567795372378,0.00117202927702401,20,0.5175879396984925,0.2813552263010467,0.7217266157403516,0.015539847569333997,0.016546492869143295,0.6979053179402382,0.47368421052631576,0.6234567901234568,0.82551627489373,0.09045893604404179,0.5335932423651721,0.22339922794038086
2482,0.009856388899695699,0.016589650104939655,16,0.6130653266331658,0.058085240675217455,0.2640473008383593,0.013934454716001902,0.2342096162136596,0.20104685090251945,0.3684210526315789,0.7407407407407407,0.17042623355147854,0.09719721191639892,0.5173489278752437,0.22324272670405232
13,0.009123881552691337,0.007100070425965288,16,0.6482412060301508,0.2042016806722689,0.449370349675673,0.012898528075388077,0.10023748295089997,0.40223428270022243,0.3684210526315789,0.7839506172839507,0.5991422763735713,0.08787918968419253,0.5346328784925276,0.22190529632669304
1,0.009457778644622392,0.00728322759272453,16,0.6482412060301508,0.18298272075361857,0.4850061584037121,0.013370732066473512,0.10282326200362939,0.4409206570233758,0.3684210526315789,0.7839506172839507,0.5368843365462121,0.08775966751945233,0.5346328784925276,0.2218216308113749
831,0.004027066780015562,0.022687882740409154,14,0.4723618090452261,0.20012368583797155,0.24660717040045574,0.005690509989451393,0.32030333826929547,0.18211377660317035,0.3157894736842105,0.5679012345679012,0.5871771490542623,0.13796985375733112,0.41663417803768676,0.22156915104143782
1762,0.0978781431619176,0.0008674471624559981,14,0.542713567839196,0.1347167325428195,0.3778443354966758,0.1384165920852757,0.01224645882940919,0.3245853599694564,0.3157894736842105,0.654320987654321,0.3952684891504699,0.1227165853559845,0.4512020792722547,0.22126223353086555
2425,0.016679917861481673,0.00775678194199726,18,0.5678391959798995,0.13897707231040565,0.47034333275649326,0.023584426778974266,0.10950881484518396,0.42500263574448405,0.42105263157894735,0.6851851851851852,0.40776862949247383,0.08864186378278766,0.5267056530214425,0.2200610005543841
2417,0.008051172680843845,0.009768919655796786,16,0.5778894472361809,0.10807248253552433,0.7205640763301808,0.011381481587712367,0.1379158034638105,0.6966432605773617,0.3684210526315789,0.6975308641975309,0.3170923617597355,0.09889041110862543,0.5000649772579597,0.2192427809534257
122,0.013913881858629285,0.0031087853549501944,20,0.5829145728643216,0.25107461166284695,0.22868410886803603,0.019672642964149663,0.04388925747485974,0.1626564304053686,0.47368421052631576,0.7037037037037037,0.7366707946577504,0.06993672427410366,0.5656920077972709,0.21866330933105382
841,0.004953051998136415,0.013681924309808618,16,0.4623115577889447,0.20179473304473305,0.6201564266874426,0.007000056931456719,0.19315888047032875,0.5876403206235769,0.3684210526315789,0.5555555555555556,0.5920801205875557,0.12113372036052929,0.4432748538011696,0.21777606039272135
2532,0.0230623478674774,0.009552236513038343,16,0.6130653266331658,0.11398809523809524,0.21189957312117996,0.03261058781627055,0.1348567108738882,0.14443507228498137,0.3684210526315789,0.7407407407407407,0.33444919079803864,0.0839675791060798,0.5173489278752437,0.21398198373682895
1970,0.003625793133894973,0.01516207314764277,14,0.5276381909547738,0.20265151515151514,0.3971779007683497,0.005123020718671304,0.21405534839191617,0.34557395458250906,0.3157894736842105,0.6358024691358024,0.5945939803174245,0.1142988136937743,0.4437946718648473,0.2131475711450962
191,0.012608807140569396,0.00354373761012564,16,0.6030150753768844,0.21531042916491833,0.5480467542702172,0.01782698001761574,0.05002983308142872,0.5093577762103844,0.3684210526315789,0.728395061728395,0.6317361357269107,0.08275983353186281,0.5124106562703054,0.21165508035339556
1873,0.004599953965987051,0.017841067649839445,18,0.44221105527638194,0.1571575998820581,0.07885374756580774,0.006500698584065748,0.2518768979863324,0.0,0.42105263157894735,0.5308641975308642,0.46111159238627325,0.10251906816565283,0.46497725795971406,0.21125652510387122
10,0.009991873194269453,0.002351416149136968,22,0.46733668341708545,0.2536876951737633,0.18799071873177758,0.014126059333631612,0.03319685890686685,0.11847952578384584,0.5263157894736843,0.5617283950617284,0.7443377678086588,0.06157555795186425,0.5404808317089019,0.20524714007897554
2908,0.005984884261866925,0.0047563699675638,20,0.4120603015075377,0.18869631185807656,0.6968483438436525,0.008459294896802262,0.06714955274081388,0.6708973679746855,0.47368421052631576,0.4938271604938272,0.5536484198256582,0.08644773215034271,0.4817413905133203,0.20503582965923597
2420,0.00961342258683121,0.004750234248472859,18,0.6231155778894473,0.1686575507395941,0.10956615663220959,0.013590846863742997,0.06706292979190334,0.033341512257409944,0.42105263157894735,0.7530864197530864,0.4948532673435255,0.054683126035863575,0.553866146848603,0.2044380322796854
948,0.0046512386809810565,0.010391121063086333,10,0.542713567839196,0.1936285936285936,0.9363702579432525,0.006573226460729162,0.14669992801659376,0.9309233013882415,0.21052631578947367,0.654320987654321,0.5681200858666751,0.12290608364416145,0.38804418453541256,0.20244751391153676
2996,0.007377584034450747,0.0008734269920220467,16,0.5125628140703518,0.3184531563208034,0.6156899774167008,0.010428878959947239,0.012330880958798786,0.5827915257020984,0.3684210526315789,0.6172839506172839,0.9343642440564195,0.08581438015153386,0.46796621182586096,0.200459929653832
1570,0.00042390942760954124,0.027660138416260884,10,0.36180904522613067,0.10714285714285714,0.5113901685661276,0.0005948523049985006,0.39050072556745635,0.4695632423812318,0.21052631578947367,0.43209876543209885,0.3143647746404541,0.1567035299043203,0.29915529564652377,0.19943905962698133
2470,0.010005946534829068,0.005343274886860117,18,0.592964824120603,0.1472013366750209,0.09522288234852434,0.01414596213524549,0.07543536799507114,0.017770397197470048,0.42105263157894735,0.7160493827160495,0.4318992069524211,0.05360166788716319,0.5390513320337882,0.19923656713115068
2441,0.008273686250827583,0.0020083788070958514,18,0.4472361809045226,0.1931878306878307,0.8013774190177421,0.011696164759132995,0.028353921068022297,0.7843745437194322,0.42105263157894735,0.537037037037037,0.5668268560029422,0.08308394516200521,0.46744639376218317,0.19839267974205857
1859,0.004167713988916985,0.003142352166888662,20,0.4371859296482412,0.27153869006810183,0.34871507756876857,0.005889416104488754,0.04436314752630114,0.2929625228239639,0.47368421052631576,0.5246913580246914,0.7967138583546142,0.0713264129795125,0.49408706952566606,0.19815460994335857
229,0.01103984761772571,0.00844580248227615,16,0.5527638190954773,0.1542155578339789,0.18864889105477867,0.01560812586631553,0.11923627957658278,0.1191940402502097,0.3684210526315789,0.6666666666666666,0.45247943145561975,0.07371943297805562,0.487719298245614,0.19791939255832314
1807,0.08315596063183972,0.000361561669522672,12,0.41708542713567837,0.12959451324389407,0.6680184840278443,0.11759618509105572,0.005104460872942748,0.6395995585990045,0.2631578947368421,0.5,0.38023953287185697,0.12308100389005933,0.35789473684210527,0.1935251237756731
2923,0.004897400228231623,0.0012417109812827645,14,0.48743718592964824,0.2521663210738841,0.9008323588082724,0.006921353077799206,0.01753024630024774,0.892343218104975,0.3157894736842105,0.5864197530864198,0.7398739478321703,0.09102274403361112,0.42404158544509424,0.19092839645705606
2481,0.009370073324773283,0.003299945686655866,16,0.592964824120603,0.18927527151211362,0.16327681500987073,0.013246697437023293,0.04658802373218607,0.09165001455628706,0.3684210526315789,0.7160493827160495,0.555347128689886,0.05427428274417845,0.5074723846653671,0.19023371332053507
2927,0.00561953112122162,0.002204806373319323,18,0.4472361809045226,0.2557349327086169,0.3889700059332966,0.007942605128195548,0.031127049169457313,0.33666343161901313,0.42105263157894735,0.537037037037037,0.7503445085606031,0.06845407483673534,0.46744639376218317,0.18815177051436965
1889,0.005817232990622219,0.0035911627010752492,18,0.47738693467336685,0.22042463709130378,0.24823405982083302,0.00822219909301897,0.050699371756442645,0.1838799341661828,0.42105263157894735,0.5740740740740741,0.6467415860678415,0.06167420699444539,0.482261208576998,0.18785030746921116
174,0.01250032503946375,0.0007021132278092065,16,0.5979899497487438,0.24515547447048994,0.08264436415164471,0.017673562445731057,0.00991230487584332,0.004115108296668418,0.3684210526315789,0.7222222222222223,0.7193036245153656,0.04974876557079333,0.5099415204678363,0.18780659203990618
2965,0.006988880666859779,0.0005075898873880948,16,0.4020100502512563,0.25752137976402684,0.8848364011581559,0.009879166830191091,0.007166060282591645,0.8749779434725851,0.3684210526315789,0.48148148148148157,0.7555860714697595,0.08960551893000938,0.41364522417154004,0.18681743050246857
1890,0.004423756100546115,0.002661911874222051,16,0.49748743718592964,0.20531898656898656,0.49007480634397976,0.006251516014667616,0.03758038020768718,0.44642320119252743,0.3684210526315789,0.5987654320987654,0.6024205314602149,0.06746721030374384,0.46055880441845354,0.18539468853815672
1566,0.0017162150056882293,0.02670654776252722,10,0.3065326633165829,0.13067226890756303,0.33315965313287865,0.0024224568766391895,0.37703810883816236,0.2760754927841807,0.21052631578947367,0.36419753086419754,0.38340174475757344,0.14753876865451993,0.2719948018193632,0.1848755786039729
2475,0.008227455780202708,0.0024738919502409872,16,0.47738693467336685,0.17588110902255638,0.5877994738616421,0.011630784696633582,0.034925949646610166,0.552513485183173,0.3684210526315789,0.5740740740740741,0.5160477018796313,0.07088431506510343,0.450682261208577,0.18482369890814548
2543,0.010058620648885349,0.0021181648739743287,22,0.3768844221105528,0.20827782468649342,0.10802423981426498,0.014220454928041066,0.029903860483655856,0.031667601286301944,0.5263157894736843,0.45061728395061734,0.6111019732549527,0.04964190982898413,0.49603638726445753,0.18356025305962614
1189,0.0005177297239793508,0.01814754043730996,14,0.3065326633165829,0.07489177489177488,0.5324693252931407,0.0007275348573814076,0.2562036241969127,0.4924468579540141,0.3157894736842105,0.36419753086419754,0.21973780207191335,0.11290684117479904,0.3351526965562053,0.17958059778922092
3011,0.002910478077530875,0.0169037774468384,12,0.41708542713567837,0.11751735106998266,0.2969165570643448,0.0041114077616816215,0.23864440800992634,0.2367298449321062,0.2631578947368421,0.5,0.3448042787976101,0.1031368732464727,0.35789473684210527,0.17956423232516244
77,0.007851715105632822,0.00019455858329044126,14,0.4321608040201005,0.2722595178422246,0.7804555672115674,0.011099404668377243,0.002746742145571811,0.7616616989883297,0.3157894736842105,0.5185185185185185,0.7988288183884364,0.08550819131353621,0.3968810916179337,0.17892006140485545
2995,0.0062225647876948354,0.0008236424023540883,16,0.4271356783919598,0.2380997270703153,0.5969989309160091,0.00879542748259429,0.01162803131665864,0.5625004519976792,0.3684210526315789,0.5123456790123457,0.6986015590625241,0.07182076643756433,0.42599090318388566,0.17807180746146073
819,0.0041474304138827515,0.005266052544752943,16,0.37185929648241206,0.23013722388722388,0.5168160557314456,0.00586073066422555,0.07434515723151465,0.47545360686024885,0.3684210526315789,0.4444444444444445,0.6752390075544107,0.0833546162887227,0.3988304093567252,0.17799735420912344
1191,0.0013055677143189951,0.012744857561111192,14,0.35175879396984927,0.18798701298701298,0.35490675144237394,0.0018417112079916302,0.17992954518051107,0.2996842283699002,0.3157894736842105,0.4197530864197532,0.5515672864146148,0.09764646601817406,0.3573749187784276,0.17556500184625012
2988,0.006093328792934897,0.0015805936900870343,20,0.32663316582914576,0.2418240600129145,0.2869564508536679,0.008612659336383121,0.022314529794380065,0.22591711439734408,0.47368421052631576,0.38888888888888895,0.7095290172002622,0.058634261120024206,0.439766081871345,0.17297380734542045
1226,0.000999591342736245,0.008868056815557277,16,0.38190954773869346,0.19801864801864802,0.18698337699179346,0.0014089932618615434,0.1251975882670464,0.11738595162304115,0.3684210526315789,0.45679012345679015,0.5810008181505704,0.07332401092591143,0.4037686809616634,0.17245741193663702
105,0.008775540669270068,0.0010631312360527203,16,0.4824120603015075,0.2539862098685628,0.0943854023675233,0.012405897383522949,0.015009090439256547,0.016861225631295898,0.3684210526315789,0.5802469135802469,0.7452136311863956,0.050050008402775306,0.4531513970110461,0.17098042498525656
1860,0.002945292546738452,0.0027294243014895094,14,0.34673366834170855,0.21609580895295183,0.929633399333043,0.004160643085092983,0.0385335081868756,0.9236097411447876,0.3157894736842105,0.4135802469135803,0.6340404959675857,0.09193895016273715,0.35490578297595843,0.17082900000670354
2,0.007579473436137735,0.0028930525488732677,16,0.38190954773869346,0.1852372198879552,0.5182738317573519,0.010714395017254295,0.04084358156268796,0.4770361742560928,0.3684210526315789,0.45679012345679015,0.5434991975942786,0.06970848007167753,0.4037686809616634,0.16992654033867327
1208,0.0006604229990181843,0.010155478718013334,14,0.3316582914572864,0.23971861471861472,0.3528429926459368,0.0009293345603518725,0.14337317290999865,0.29744380369142653,0.3157894736842105,0.39506172839506176,0.7033514907359655,0.09360931733058032,0.347498375568551,0.1697760348019715
189,0.008098810187960714,0.0014433287261916192,12,0.5025125628140703,0.17944462872868447,0.5095116342881653,0.01144885150955221,0.020376648385780946,0.46752389816960604,0.2631578947368421,0.6049382716049382,0.52650332252684,0.06268366645628791,0.39987004548408056,0.1638395801646257
2550,0.007728646089324543,0.0012051842267333682,16,0.4321608040201005,0.17503546290310995,0.25686129274192615,0.010925357987276684,0.017014568325701588,0.19324569220763943,0.3684210526315789,0.5185185185185185,0.5135665159298214,0.047000195696949534,0.42846003898635476,0.1614381486837711
2014,0.0005181074022885958,0.01500690058996199,8,0.3417085427135678,0.2103174603174603,0.5267598931032568,0.0007280689776516396,0.2118646508816362,0.48624867587945597,0.15789473684210525,0.40740740740740744,0.6170864094794098,0.11916299091902513,0.2576998050682261,0.16072403516378542
2578,0.007194247784461581,0.0030698805700753668,14,0.49748743718592964,0.1643765400897201,0.0847008218096581,0.010169601143375548,0.04334000690738121,0.00634760683051043,0.3157894736842105,0.5987654320987654,0.48229247716050266,0.04353576695779035,0.4289798570500325,0.159168993985463
3008,0.00401890176625336,0.007216953460156764,10,0.4723618090452261,0.10318753142282552,0.5641619878169796,0.005678962862570231,0.10188761604030869,0.5268525372259959,0.21052631578947367,0.5679012345679012,0.302759567240119,0.07545426775294048,0.3534762833008447,0.15886087241731173
209,0.009682675182488052,0.0008343413577814655,14,0.49246231155778897,0.18565712998486109,0.11357301111143654,0.013688785279058513,0.011779077193375892,0.03769136926289475,0.3157894736842105,0.5925925925925927,0.5447312437287872,0.04086812497503198,0.4265107212475634,0.1565609038567914
235,0.0009512977040017441,0.014082590155660216,8,0.35175879396984927,0.0,0.9237856199193412,0.00134069542547554,0.1988154068824731,0.9172613687791086,0.15789473684210525,0.4197530864197532,0.0,0.10631210775898269,0.2626380766731644,0.15320989843323718
1314,0.0012525820552317425,0.005896478178410612,10,0.38190954773869346,0.1096969696969697,0.8624710199636488,0.0017667778219396808,0.08324538989321809,0.8506979975515058,0.21052631578947367,0.45679012345679015,0.3218587228036003,0.08466151967888454,0.3090318388564003,0.15197261543213925
215,0.009693188431066547,0.0005312524912149576,12,0.5326633165829145,0.185510880015524,0.09107540241199102,0.013703653326903218,0.0075001245531367625,0.013267876641615509,0.2631578947368421,0.6419753086419753,0.5443021359013701,0.038350729989232245,0.4146848602988954,0.15125096908213118
2966,0.004897576046946863,0.0006133191627055109,12,0.3969849246231156,0.1520167941220573,0.7548195880510501,0.006921601724166755,0.008658726664221184,0.733831179032598,0.2631578947368421,0.4753086419753087,0.44602810210695193,0.0657435430907439,0.34801819363222875,0.15042593825318934
2057,0.00013293483112730034,0.012841741876452165,10,0.24623115577889448,0.2095238095238095,0.5244908083633352,0.0001833501713058858,0.18129734005078238,0.48378534854796507,0.21052631578947367,0.2901234567901235,0.6147577815191102,0.10942636862137202,0.2423651721897336,0.1493080096918805
193,0.00829285788440693,0.0003764962921339549,12,0.41708542713567837,0.1724967498961307,0.4617042211549573,0.011723277669399564,0.005315305116670524,0.41562398216074914,0.2631578947368421,0.5,0.5061177511348738,0.05471564480142205,0.35789473684210527,0.14566937241362699
2947,0.005272103560530356,0.0006704943316575045,14,0.4271356783919598,0.19074675324675325,0.12357503580133677,0.007451266075726749,0.009465915139715933,0.04854960666381693,0.3157894736842105,0.5123456790123457,0.5596645609129296,0.037721242566188154,0.3944119558154646,0.1447284565409711
623,4.268861831074293e-05,0.029541647632099894,8,0.135678391959799,0.0,0.308334960642551,5.572215985521013e-05,0.4170635251778536,0.24912570883323187,0.15789473684210525,0.154320987654321,0.0,0.13760877629093082,0.15646523716699157,0.14326571455374904
1931,0.002064738877520003,0.001995674081732679,12,0.3316582914572864,0.19300144300144298,0.6323988230766068,0.002915346354399285,0.02817455810180021,0.6009307143659525,0.2631578947368421,0.39506172839506176,0.5662799812546899,0.06856211002421175,0.31591942820012997,0.1427693054769872
824,0.0030002007483758138,0.002491687647866144,12,0.35175879396984927,0.2279882154882155,0.317530352953793,0.004238295369533484,0.035177186018967486,0.2591082629465907,0.2631578947368421,0.4197530864197532,0.6689336638379001,0.059498229366634875,0.32579597141000655,0.13938755197964636
1869,0.0042147630540789955,0.0008462634861899764,12,0.34673366834170855,0.18667582417582418,0.4938772628193466,0.005955953839866599,0.011947391600331099,0.45055116291990627,0.2631578947368421,0.4135802469135803,0.5477201650466373,0.057071356182346475,0.3233268356075374,0.13694800000990373
218,0.007256612235760637,0.00013279631821559132,10,0.4472361809045226,0.20750000000000002,0.2432659556845494,0.010257798206233909,0.0018747938942123813,0.1784865407466742,0.21052631578947367,0.537037037037037,0.6088197802203461,0.046082433140355074,0.34113060428849895,0.13459688448479823
152,0.005909199769409455,0.0002536329664455937,8,0.4020100502512563,0.10098581973581974,0.9529307067811893,0.00835226036351237,0.0035807433764179788,0.948901389877637,0.15789473684210525,0.48148148148148157,0.29629958832257,0.06834562814104317,0.28732943469785577,0.13404077010808696
1952,0.003619631580998146,0.002005690375404321,14,0.3417085427135678,0.15959268322713702,0.08425440949856555,0.005114306926489591,0.02831596628593184,0.005862979867188506,0.3157894736842105,0.40740740740740744,0.4682563003716669,0.035269338053616074,0.35243664717348927,0.13041953078957802
816,0.0038495387594106134,0.0007434947054731363,12,0.31155778894472363,0.25401774151774154,0.19647616354807712,0.005439446287835017,0.010496520934694213,0.12769135810024096,0.2631578947368421,0.3703703703703704,0.7453061472910848,0.05006249932267556,0.30604288499025345,0.12685661502294893
68,0.006379598847810379,0.00021383276590179894,12,0.36180904522613067,0.14893483709273184,0.19710281720386957,0.009017508212600233,0.0030188514959006616,0.1283716557773324,0.2631578947368421,0.43209876543209885,0.4369854206551809,0.03458401419795601,0.3307342430149448,0.12342908284305265
1973,0.0016411026260897744,0.00020244979107921266,8,0.32160804020100503,0.21550324675324675,0.6876106985080263,0.002316231436875137,0.002858148759694437,0.6608689438116222,0.15789473684210525,0.3827160493827161,0.6323018762654588,0.06690572449388746,0.2478232618583496,0.12118098570322611
2010,9.292896153428109e-05,0.006322798461694626,8,0.20100502512562815,0.2103174603174603,0.622711594660975,0.00012677306493034458,0.08926410091487594,0.5904142210403458,0.15789473684210525,0.23456790123456794,0.6170864094794098,0.08723032563940877,0.18856400259909034,0.11763042872731325
962,0.003639750084781,0.00013853631944084203,10,0.2914572864321608,0.277020202020202,0.24497877338040383,0.005142758919665059,0.0019558301713808557,0.18034598238401267,0.21052631578947367,0.34567901234567905,0.8127970048700495,0.0533295537659164,0.2645873944119558,0.11670690595972821
2499,0.00487727522114863,0.0007891832212821938,10,0.36180904522613067,0.10457983193277312,0.32066980792679073,0.006892891887525725,0.011141542962604547,0.26251646763146186,0.21052631578947367,0.43209876543209885,0.30684467610983934,0.035946255208361866,0.29915529564652377,0.11490896733981043
1965,0.0035782346876341285,0.00036555888630539197,10,0.27638190954773867,0.17437229437229437,0.46118153810392926,0.005055762606286096,0.005160892841229101,0.4150565553817259,0.21052631578947367,0.3271604938271605,0.5116207322229289,0.05091558979637313,0.25717998700454836,0.11279490895882568
2211,0.0007401272450829647,0.01188219805146228,4,0.2562814070351759,0.0,0.7057230929561257,0.0010420539101388912,0.1677506775491934,0.6805318305684604,0.05263157894736842,0.30246913580246915,0.0,0.08497702713926437,0.15256660168940872,0.10525389950430766
1282,0.00035528878533239915,0.0014490358693458368,8,0.24120603015075376,0.22491883116883116,0.3357471872696858,0.000497807610878184,0.02045722077877118,0.27888453003528973,0.15789473684210525,0.28395061728395066,0.6599278716126502,0.05337647088255527,0.2083170890188434,0.09985865632344171
1562,0.0001668478080270109,0.0054663610213227295,6,0.18592964824120603,0.09523809523809523,0.7859675754466307,0.00023131058614213763,0.07717307530844766,0.7676455568398896,0.10526315789473684,0.2160493827160494,0.2794353552359592,0.07564475454801202,0.14957764782326186,0.09782462253058696
2204,0.0007908767739082534,0.008176774505936799,4,0.20603015075376885,0.0,0.9640944245381995,0.0011138249157454777,0.11543819229381268,0.9610207658480753,0.05263157894736842,0.24074074074074076,0.0,0.08335079092999485,0.12787524366471736,0.0967081267504116
915,0.0021284791961948928,0.0007621765923354065,8,0.24623115577889448,0.14823232323232324,0.46361931421575087,0.003005489196606355,0.010760268363029454,0.4177030147310199,0.15789473684210525,0.2901234567901235,0.4349241949486956,0.04766273451085842,0.21078622482131257,0.09659978160399466
1272,0.00033217772440733383,0.0007833005964878867,8,0.21608040201005024,0.21420454545454545,0.3497458124465868,0.00046512348313115977,0.011058493152229499,0.29408149266734596,0.15789473684210525,0.25308641975308643,0.6284913941486048,0.049725266376345084,0.19597141000649773,0.09359910946539088
3024,0.0035481800042065728,1.595277977187525e-05,8,0.2814070351758794,0.12958683473389354,0.21463117575470525,0.005013258667772515,0.00022521839847601324,0.14740051086360756,0.15789473684210525,0.33333333333333337,0.3802170035765753,0.029456396442215458,0.2280701754385965,0.08904053014112977
2215,0.00011875838161491055,0.010953114532417131,6,0.1708542713567839,0.0,0.4373244139475411,0.00016330155093469104,0.15463404802117164,0.3891571674253139,0.10526315789473684,0.19753086419753088,0.0,0.065946053708178,0.14217024041585447,0.08881330972048093
1540,0.0001668478080270109,0.0054663610213227295,6,0.18592964824120603,0.09523809523809523,0.25165732775018185,0.00023131058614213763,0.07717307530844766,0.1875962473143964,0.10526315789473684,0.2160493827160494,0.2794353552359592,0.046642289071737356,0.14957764782326186,0.0775228966971947
1218,0.00017270484673758858,0.0021022193950517958,8,0.1708542713567839,0.060714285714285714,0.35553529794042016,0.00023959372822966366,0.02967874515722245,0.30036658092399815,0.15789473684210525,0.19753086419753088,0.178140038962924,0.03297271077845064,0.1737491877842755,0.07520565388019809
843,0.002140757109496228,1.903456677326024e-05,6,0.22613065326633167,0.13055555555555556,0.26613391601163583,0.003022852868837105,0.0002687264981816067,0.20331208855372035,0.10526315789473684,0.2654320987654321,0.38305929946929407,0.03121289907190747,0.16933073424301492,0.07264824962323971
3022,0.0018649950864121257,3.742640791521559e-05,6,0.27638190954773867,0.08928571428571429,0.14657528273928175,0.002632864662779309,0.0005283791146064319,0.07351876533668265,0.10526315789473684,0.3271604938271605,0.26197064553371174,0.018512703075569237,0.19402209226770628,0.07116551983321034
2141,5.3031526504807045e-05,0.0035244174156720057,6,0.1658291457286432,0.08465608465608465,0.23451294659915467,7.034930889811283e-05,0.0497570741444086,0.16898423960582465,0.10526315789473684,0.19135802469135804,0.24838698243196372,0.03583789293055087,0.1397011046133853,0.0669968564354012
817,0.0007007927394331959,0.0,4,0.135678391959799,0.1111111111111111,0.7504258853245871,0.000986426260171132,0.0,0.7290613580461343,0.05263157894736842,0.154320987654321,0.3260079144419524,0.05334531938050702,0.09330734243014946,0.06533392629539975
250,0.00011185687706375903,0.0016349038474653378,4,0.1658291457286432,0.0,0.5415169481469982,0.00015354130422304564,0.023081270565620832,0.5022689929623784,0.05263157894736842,0.19135802469135804,0.0,0.032129955600338996,0.10812215724496427,0.054927616093726574
243,0.0005012737698484844,0.0037212390969722418,4,0.21608040201005024,0.0,0.12087141205046203,0.0007042625156764415,0.052535766289707665,0.04561454207040384,0.05263157894736842,0.25308641975308643,0.0,0.018464014499838356,0.13281351526965562,0.052768864730783537
1576,2.6558320381595554e-05,0.002062045529382213,6,0.06030150753768844,0.0,0.5766328098573884,3.291036770844508e-05,0.029111577941472046,0.540390910755122,0.10526315789473684,0.061728395061728406,0.0,0.03577276514082278,0.08784925276153346,0.05139571142703599
440,0.0012025549744597928,0.0,2,0.18090452261306533,0.0,0.4722463669365104,0.001696028516918043,0.0,0.42706857714628454,0.0,0.2098765432098766,0.0,0.02237104596746505,0.08395061728395065,0.04084491736241073
2231,1.1190273775269824e-05,0.001001072805722257,4,0.05025125628140704,0.0,0.43701486294964886,1.1176566731848282e-05,0.01413296098151758,0.38882111764269334,0.05263157894736842,0.04938271604938273,0.0,0.02368765011662905,0.051332033788174136,0.03198096521809257
1387,0.0011111960625166293,0.0,2,0.20100502512562815,0.0,0.148866703553174,0.0015668269039561292,0.0,0.076006340798057,0.0,0.23456790123456794,0.0,0.004740413182276528,0.09382716049382718,0.03146643737574172
2098,1.1239849233375205e-05,1.6919614909564658e-05,4,0.05025125628140704,0.0,0.48498219195619,1.1246677343000546e-05,0.00023886799838365039,0.44089463895354297,0.05263157894736842,0.04938271604938273,0.0,0.022123140353598046,0.051332033788174136,0.03088580838397087
1315,6.415593359690833e-05,1.6919614909564658e-05,4,0.09045226130653267,0.0,0.27548336101249893,8.60816694196415e-05,0.00023886799838365039,0.21346188287373907,0.05263157894736842,0.09876543209876545,0.0,0.010796403544853833,0.07108512020792723,0.02888301854377585
633,3.287284389349279e-06,0.0,2,0.05025125628140704,0.0,0.4981315452278258,0.0,0.0,0.4551696286599959,0.0,0.04938271604938273,0.0,0.022758481432999796,0.019753086419753093,0.021856862929025785
758,3.287284389349279e-06,0.0,2,0.05025125628140704,0.0,0.21209963157722617,0.0,0.0,0.1446522565328872,0.0,0.04938271604938273,0.0,0.007232612826644361,0.019753086419753093,0.01098875490457698
619,3.287284389349279e-06,0.0,2,0.05025125628140704,0.0,0.14150753013062292,0.0,0.0,0.06801719314305223,0.0,0.04938271604938273,0.0,0.0034008596571526114,0.019753086419753093,0.008306527685932756
